building_id,meter,timestamp,meter_reading,site_id,air_temperature,cloud_coverage,dew_temperature,precip_depth_1_hr,sea_level_pressure,wind_direction,wind_speed,primary_use,square_feet,year_built,month,quarter,day,energy_intensity,co2_emissions
1020,0,2016-11-02 00:00:00,86.6301,10,8.9,4.0,3.3,0.0,1016.5,350.0,3.6,Entertainment/public assembly,22101,,11,4,2,0.003919736663499389,37.250943
987,2,2016-10-04 00:00:00,228.75,9,27.8,0.0,15.6,0.0,1010.0,110.0,2.6,Education,166395,,10,4,4,0.0013747408275489048,98.3625
113,0,2016-01-17 19:00:00,335.625,1,3.6,0.0,1.5,0.0,1023.0,120.0,4.6,Education,100481,1958.0,1,1,17,0.0033401837163244794,144.31875
293,0,2016-07-07 05:00:00,777.22,3,27.2,0.0,24.4,0.0,1011.0,170.0,3.1,Office,408000,2010.0,7,3,7,0.0019049509803921569,334.2046
1176,2,2016-06-26 15:00:00,238.281,13,25.0,2.0,10.0,0.0,1014.5,250.0,5.1,Education,142672,,6,2,26,0.0016701314904115734,102.46083
221,0,2016-11-16 14:00:00,397.85,2,15.6,0.0,1.7,0.0,1010.5,80.0,2.1,Education,204349,1993.0,11,4,16,0.001946914347513323,171.0755
964,2,2016-03-25 09:00:00,256.2,9,7.8,0.0,5.0,0.0,1016.0,0.0,0.0,Education,130577,,3,1,25,0.001962060699816966,110.166
1218,1,2016-05-06 18:00:00,0.0,13,29.4,2.0,8.9,0.0,1008.0,220.0,6.7,Entertainment/public assembly,268480,,5,2,6,0.0,0.0
321,0,2016-09-07 22:00:00,37.63,3,26.7,0.0,20.0,-1.0,1016.5,165.0,1.5,Public services,15913,,9,3,7,0.0023647332369760576,16.1809
185,0,2016-11-26 03:00:00,43.65,2,20.0,0.0,-1.1,0.0,1017.0,120.0,2.1,Education,84300,,11,4,26,0.0005177935943060498,18.7695
263,1,2016-01-21 06:00:00,176.018,2,13.3,0.0,5.0,0.0,1021.0,0.0,0.0,Education,87673,1960.0,1,1,21,0.002007664845505458,75.68774
499,0,2016-01-20 19:00:00,858.25,3,-1.1,0.0,-13.9,0.0,1023.5,210.0,2.1,Education,376507,2011.0,1,1,20,0.002279506091520211,369.0475
920,2,2016-02-05 01:00:00,0.0,9,10.0,0.0,-5.6,0.0,1030.0,120.0,1.5,Education,85623,,2,1,5,0.0,0.0
1225,2,2016-03-19 06:00:00,226.289,14,5.0,0.0,-3.3,0.0,1016.0,10.0,3.1,Office,122746,,3,1,19,0.0018435549834617828,97.30426999999999
200,1,2016-03-10 11:00:00,399.76,2,14.4,0.0,-3.3,0.0,1013.0,90.0,2.6,Entertainment/public assembly,143093,1964.0,3,1,10,0.002793707588770939,171.89679999999998
1311,1,2016-09-15 13:00:00,472.768,14,18.3,0.0,8.9,0.0,1024.0,30.0,4.1,Lodging/residential,66794,,9,3,15,0.007078001018055513,203.29023999999998
192,3,2016-06-09 16:00:00,17.5843,2,31.7,0.0,12.8,0.0,1010.5,165.0,1.5,Education,151637,1983.0,6,2,9,0.00011596312245692013,7.561248999999999
1137,1,2016-08-23 02:00:00,8.9131,13,25.0,2.0,15.0,0.0,1012.5,190.0,5.7,Office,27452,,8,3,23,0.0003246794404779251,3.832633
1312,0,2016-11-14 14:00:00,78.0,14,6.1,0.0,-2.8,0.0,1018.0,220.0,4.1,Lodging/residential,75000,,11,4,14,0.00104,33.54
1428,0,2016-09-14 01:00:00,58.95,15,17.8,4.0,15.6,0.0,1018.5,0.0,0.0,Education,28432,1933.0,9,3,14,0.002073368036015757,25.3485
1172,0,2016-11-02 10:00:00,309.973,13,5.0,0.0,3.9,0.0,1019.5,0.0,0.0,Manufacturing/industrial,63847,,11,4,2,0.004854934452675929,133.28839
1003,0,2016-04-23 13:00:00,84.0,10,13.3,0.0,1.7,0.0,999.5,190.0,8.8,Education,94751,,4,2,23,0.0008865341790587962,36.12
1191,1,2016-07-31 08:00:00,1972.54,13,20.0,0.0,17.2,0.0,1015.5,140.0,2.6,Education,192152,,7,3,31,0.010265518964153378,848.1922
1227,0,2016-06-27 22:00:00,55.0222,14,28.3,0.0,13.3,0.0,1014.0,200.0,3.6,Education,76903,,6,2,27,0.0007154753390634955,23.659546
518,0,2016-11-04 18:00:00,308.28,3,17.2,2.0,3.3,0.0,1023.0,360.0,6.7,Public services,555243,1941.0,11,4,4,0.0005552163647267953,132.5604
62,0,2016-10-16 02:00:00,573.078,0,24.4,0.0,22.2,3.0,1019.5,60.0,5.1,Lodging/residential,42731,2001.0,10,4,16,0.013411293908403734,246.42353999999997
1258,3,2016-12-20 04:00:00,3180.45,14,-5.0,0.0,-13.3,0.0,1038.0,350.0,1.5,Education,273234,,12,4,20,0.011640022837567798,1367.5935
7,1,2016-06-21 13:00:00,5571.77,0,25.6,4.0,18.3,0.0,1021.0,30.0,3.1,Education,121074,1989.0,6,2,21,0.046019541767844466,2395.8611
732,0,2016-01-19 22:00:00,30.0,5,-2.0,0.0,-3.0,0.0,1016.5,80.0,2.1,Education,66187,1976.0,1,1,19,0.00045326121443788053,12.9
1433,0,2016-05-13 15:00:00,36.65,15,16.7,0.0,15.0,5.0,1009.0,230.0,3.1,Education,28084,1913.0,5,2,13,0.001305013530836063,15.7595
986,0,2016-01-04 22:00:00,0.0,9,13.9,0.0,0.0,0.0,1026.0,165.0,2.1,Office,34072,,1,1,4,0.0,0.0
907,0,2016-10-14 22:00:00,25.0,9,30.0,0.0,18.9,0.0,1016.0,165.0,2.1,Entertainment/public assembly,44564,,10,4,14,0.0005609909343865003,10.75
32,0,2016-08-13 07:00:00,593.145,0,23.9,4.0,22.8,0.0,1017.0,0.0,0.0,Office,48392,2005.0,8,3,13,0.012257087948421227,255.05235
281,0,2016-01-17 05:00:00,30.9,2,13.9,0.0,1.1,0.0,1020.0,310.0,2.1,Food sales and service,28862,,1,1,17,0.0010706118772087867,13.286999999999999
761,0,2016-11-07 04:00:00,11.0972,6,8.3,0.0,3.3,0.0,1028.0,0.0,0.0,Entertainment/public assembly,52534,,11,4,7,0.0002112384360604561,4.771796
83,0,2016-02-22 04:00:00,0.0,0,18.3,0.0,13.3,0.0,1020.0,0.0,0.0,Other,2070,1996.0,2,1,22,0.0,0.0
1232,2,2016-07-05 11:00:00,0.0,14,23.3,0.0,21.7,10.0,1008.0,280.0,1.5,Education,181328,,7,3,5,0.0,0.0
973,0,2016-02-09 06:00:00,130.0,9,8.3,0.0,-6.7,0.0,1028.0,320.0,2.6,Office,193960,,2,1,9,0.0006702412868632708,55.9
1129,2,2016-03-23 19:00:00,0.0,13,-0.6,9.0,-3.3,-1.0,1016.5,60.0,8.2,Office,133100,,3,1,23,0.0,0.0
1137,0,2016-09-01 17:00:00,26.0,13,21.7,2.0,10.6,0.0,1026.0,140.0,3.6,Office,27452,,9,3,1,0.0009471076788576424,11.18
1136,0,2016-09-25 17:00:00,31.739,13,18.3,0.0,11.7,0.0,1012.0,250.0,6.2,Office,79782,,9,3,25,0.0003978215637612494,13.64777
285,0,2016-01-21 07:00:00,546.04,2,12.2,0.0,5.0,0.0,1021.5,100.0,3.1,Utility,21958,,1,1,21,0.024867474269059112,234.79719999999998
200,1,2016-03-23 04:00:00,344.018,2,21.7,0.0,-6.1,0.0,1009.0,290.0,6.7,Entertainment/public assembly,143093,1964.0,3,1,23,0.0024041567372268383,147.92773999999997
145,0,2016-09-05 19:00:00,21.437,1,21.1,0.0,19.7,0.0,1021.0,220.0,3.1,Office,14219,,9,3,5,0.0015076306350657572,9.21791
981,2,2016-05-02 22:00:00,192.15,9,17.2,0.0,10.0,0.0,1018.5,165.0,2.6,Education,167055,,5,2,2,0.0011502199874292899,82.6245
825,0,2016-07-20 16:00:00,7.4583,8,31.7,4.0,22.2,0.0,1021.0,60.0,4.1,Public services,3592,,7,3,20,0.0020763641425389757,3.207069
1137,1,2016-02-10 16:00:00,0.0,13,-14.4,0.0,-21.1,0.0,1022.5,20.0,3.6,Office,27452,,2,1,10,0.0,0.0
1100,2,2016-02-24 18:00:00,5531.25,13,2.8,8.0,-2.2,0.0,1016.0,10.0,4.1,Lodging/residential,174924,,2,1,24,0.03162087535158126,2378.4375
1382,2,2016-04-05 07:00:00,2545.25,15,-12.2,0.0,-15.6,0.0,1024.0,350.0,1.5,Public services,243072,1965.0,4,2,5,0.010471177264349658,1094.4575
1086,0,2016-09-09 19:00:00,376.377,13,22.2,0.0,16.7,0.0,1012.0,130.0,1.5,Office,143973,,9,3,9,0.0026142193327915652,161.84211
226,1,2016-11-09 16:00:00,158.399,2,23.9,2.0,2.2,0.0,1020.5,80.0,5.7,Office,74180,1930.0,11,4,9,0.0021353329738473983,68.11157
995,0,2016-12-15 13:00:00,39.0,9,7.8,0.0,5.6,0.0,1028.0,20.0,2.1,Education,46230,,12,4,15,0.0008436080467229072,16.77
830,0,2016-12-16 19:00:00,11.8333,8,25.6,4.0,13.9,0.0,1021.0,80.0,5.1,Warehouse/storage,15120,,12,4,16,0.0007826256613756614,5.088318999999999
560,0,2016-11-24 18:00:00,311.66,3,12.8,6.0,1.1,0.0,1021.5,0.0,0.0,Office,340000,2010.0,11,4,24,0.0009166470588235295,134.0138
215,0,2016-08-19 12:00:00,42.61,2,28.9,8.0,13.9,-1.0,1006.5,350.0,1.5,Lodging/residential,36406,1940.0,8,3,19,0.0011704114706367083,18.3223
1296,3,2016-02-09 22:00:00,58.2036,14,0.0,0.0,-2.2,-1.0,1016.5,70.0,1.5,Office,8836,,2,1,9,0.006587098234495247,25.027548
956,0,2016-03-11 18:00:00,56.0,9,17.2,0.0,15.6,-1.0,1014.0,0.0,0.0,Office,86167,,3,1,11,0.0006499007740782434,24.08
796,0,2016-12-30 00:00:00,614.89,7,-3.2,0.0,-3.7,4.0,998.0,330.0,1.0,Education,226042,1965.0,12,4,30,0.0027202466798205644,264.4027
1323,1,2016-11-03 12:00:00,298.799,14,11.1,9.0,10.6,0.0,1015.0,210.0,1.5,Office,87200,,11,4,3,0.0034265940366972475,128.48357
1018,1,2016-12-09 11:00:00,0.0,10,-1.7,0.0,-2.8,0.0,1024.0,260.0,1.5,Education,186840,,12,4,9,0.0,0.0
249,0,2016-10-12 17:00:00,415.25,2,26.7,0.0,1.7,0.0,1014.0,120.0,1.5,Entertainment/public assembly,179449,1976.0,10,4,12,0.0023140279410863254,178.5575
1034,0,2016-10-03 22:00:00,8.1325,12,14.3,6.0,9.9,0.0,1026.0,140.0,8.0,Retail,3907,,10,4,3,0.002081520348093166,3.496975
1080,2,2016-06-10 10:00:00,906.25,13,20.6,2.0,17.8,0.0,1007.0,140.0,4.6,Education,207115,,6,2,10,0.004375588441204162,389.6875
1398,0,2016-04-16 10:00:00,10.75,15,3.3,0.0,-3.9,0.0,1031.0,80.0,2.1,Lodging/residential,20291,1925.0,4,2,16,0.0005297915331920556,4.6225
959,1,2016-12-18 13:00:00,199.335,9,-3.3,0.0,-11.7,0.0,1030.0,350.0,5.1,Education,128536,,12,4,18,0.0015508106678284684,85.71405
606,0,2016-01-18 22:00:00,54.3725,4,16.7,0.0,11.1,0.0,1020.5,260.0,1.5,Utility,23432,1999.0,1,1,18,0.0023204378627517926,23.380175
858,0,2016-08-03 16:00:00,2.1667,8,30.6,0.0,22.8,0.0,1018.0,150.0,3.1,Other,1566,,8,3,3,0.0013835887611749682,0.931681
560,0,2016-03-31 12:00:00,1098.99,3,13.3,6.0,9.4,0.0,1016.5,180.0,6.2,Office,340000,2010.0,3,1,31,0.003232323529411765,472.5657
702,0,2016-10-02 17:00:00,15.2,5,14.0,0.0,6.0,0.0,1016.5,100.0,2.6,Education,24251,1966.0,10,4,2,0.000626778277184446,6.536
918,2,2016-11-03 17:00:00,30.5,9,26.1,0.0,21.1,-1.0,1022.0,110.0,3.6,Education,60621,,11,4,3,0.0005031259794460666,13.115
1068,0,2016-08-30 23:00:00,65.5975,12,16.8,8.0,12.5,0.0,1016.5,190.0,6.0,Education,112956,,8,3,30,0.0005807349764510075,28.206925
207,1,2016-12-02 16:00:00,118.764,2,8.9,0.0,-1.1,0.0,1012.5,100.0,2.1,Public services,99700,,12,4,2,0.0011912136409227682,51.06852
513,0,2016-06-09 17:00:00,39.13,3,25.0,4.0,8.3,0.0,1014.0,320.0,3.1,Public services,112283,,6,2,9,0.0003484944292546512,16.8259
160,0,2016-01-01 01:00:00,4.98,2,13.9,0.0,-5.6,0.0,1015.5,270.0,4.1,Entertainment/public assembly,15786,,1,1,1,0.00031546940326871917,2.1414
287,3,2016-02-29 16:00:00,0.0,2,19.4,0.0,-1.1,0.0,1015.5,120.0,3.1,Office,33713,1956.0,2,1,29,0.0,0.0
91,0,2016-10-07 01:00:00,202.038,0,23.9,0.0,22.8,13.0,1007.0,10.0,6.7,Education,68094,2003.0,10,4,7,0.0029670455546744207,86.87634
1244,0,2016-06-21 19:00:00,173.64,14,32.2,2.0,15.0,0.0,1007.5,320.0,4.6,Public services,95526,,6,2,21,0.0018177250172727842,74.6652
875,1,2016-07-17 00:00:00,590.69,9,35.6,0.0,18.9,0.0,1012.5,160.0,3.1,Lodging/residential,177708,,7,3,17,0.0033239358948387245,253.99670000000003
1300,0,2016-12-09 08:00:00,50.0809,14,-1.1,0.0,-9.4,0.0,1018.5,270.0,4.6,Healthcare,25609,,12,4,9,0.001955597641454176,21.534786999999998
707,0,2016-04-22 00:00:00,24.72,5,11.0,0.0,3.0,0.0,1016.5,60.0,8.8,Education,11270,1976.0,4,2,22,0.0021934338952972494,10.6296
161,0,2016-05-12 13:00:00,18.13,2,21.1,0.0,2.8,0.0,1012.5,100.0,3.1,Education,11329,,5,2,12,0.0016003177685585664,7.7959
1287,0,2016-12-24 08:00:00,91.3922,14,2.8,0.0,-3.3,0.0,1026.0,180.0,2.1,Education,60582,,12,4,24,0.001508570202370341,39.298646
1130,1,2016-05-02 09:00:00,0.0,13,6.1,0.0,2.8,0.0,1020.0,0.0,0.0,Education,280225,,5,2,2,0.0,0.0
1165,0,2016-07-08 23:00:00,11.142,13,25.6,0.0,15.0,0.0,1012.5,320.0,5.1,Office,28991,,7,3,8,0.00038432617019074886,4.79106
203,0,2016-01-12 01:00:00,307.77,2,13.3,2.0,0.0,0.0,1022.5,230.0,2.6,Lodging/residential,63348,2007.0,1,1,12,0.004858401212350824,132.34109999999998
926,1,2016-02-05 10:00:00,0.2813,9,1.7,0.0,-3.9,0.0,1030.0,0.0,0.0,Education,26033,,2,1,5,1.080551607575001e-05,0.120959
192,0,2016-02-25 21:00:00,670.53,2,26.1,0.0,-8.9,0.0,1016.0,165.0,2.6,Education,151637,1983.0,2,1,25,0.004421941874344652,288.3279
519,0,2016-05-10 08:00:00,1363.08,3,15.0,0.0,13.3,-1.0,1020.0,20.0,5.1,Public services,461647,1976.0,5,2,10,0.0029526456361678942,586.1243999999999
502,0,2016-02-18 10:00:00,70.55,3,1.7,0.0,-4.4,0.0,1029.0,340.0,4.6,Public services,6010,,2,1,18,0.011738768718801995,30.336499999999997
652,0,2016-06-07 13:00:00,223.212,4,15.6,0.0,11.7,0.0,1012.0,270.0,5.7,Education,150887,1959.0,6,2,7,0.0014793322154990159,95.98115999999999
216,3,2016-03-13 18:00:00,49.8221,2,18.9,6.0,-1.7,0.0,1018.0,0.0,0.0,Education,137065,1964.0,3,1,13,0.0003634925035567067,21.423503
843,0,2016-09-23 07:00:00,8.5,8,24.4,0.0,23.3,0.0,1015.0,0.0,0.0,Entertainment/public assembly,5380,,9,3,23,0.0015799256505576208,3.655
1177,0,2016-11-19 13:00:00,30.976,13,-1.7,0.0,-7.8,0.0,1026.0,320.0,8.8,Office,20444,,11,4,19,0.001515163373116807,13.31968
184,3,2016-01-20 01:00:00,8.7921,2,18.3,0.0,1.1,0.0,1019.0,0.0,0.0,Education,34171,,1,1,20,0.00025729712329168006,3.7806029999999997
730,0,2016-05-15 09:00:00,19.3,5,12.0,0.0,7.0,0.0,1016.5,165.0,1.5,Education,126045,1966.0,5,2,15,0.0001531199174897854,8.299
155,0,2016-06-24 15:00:00,108.5,1,20.6,0.0,11.9,0.0,1017.0,210.0,9.3,Office,51688,1930.0,6,2,24,0.002099133261105092,46.655
933,2,2016-05-02 17:00:00,0.0,9,14.4,0.0,10.6,0.0,1020.5,350.0,3.6,Office,8525,,5,2,2,0.0,0.0
792,2,2016-03-30 17:00:00,3516.21,7,8.3,0.0,-3.5,0.0,1018.5,190.0,6.2,Education,333681,1938.0,3,1,30,0.010537639242270313,1511.9703
169,3,2016-04-14 19:00:00,193.427,2,29.4,0.0,3.9,0.0,1009.0,260.0,3.1,Education,179559,2006.0,4,2,14,0.001077233666928419,83.17361
1169,1,2016-01-27 09:00:00,173.264,13,-8.9,0.0,-11.7,0.0,1022.5,190.0,3.1,Education,155439,,1,1,27,0.0011146752102110797,74.50352000000001
1054,0,2016-06-19 10:00:00,306.368,12,17.3,8.0,15.9,0.0,1017.5,160.0,3.0,Education,204998,,6,2,19,0.0014944926291963823,131.73824
838,0,2016-02-24 11:00:00,45.8333,8,20.6,0.0,19.4,0.0,1009.5,170.0,6.2,Public services,18414,,2,1,24,0.002489046377756055,19.708319
765,1,2016-08-02 16:00:00,371.611,6,30.0,0.0,21.7,0.0,1017.5,70.0,4.1,Entertainment/public assembly,58562,,8,3,2,0.006345599535534988,159.79273
1175,0,2016-07-08 19:00:00,227.532,13,23.3,0.0,14.4,0.0,1011.5,320.0,7.7,Manufacturing/industrial,81372,,7,3,8,0.002796195251437841,97.83876000000001
191,1,2016-04-10 14:00:00,0.0,2,17.8,0.0,3.9,0.0,1008.5,100.0,2.1,Education,78268,1964.0,4,2,10,0.0,0.0
886,2,2016-09-30 09:00:00,158.6,9,16.1,0.0,10.6,0.0,1022.0,0.0,0.0,Education,69799,,9,3,30,0.002272238857290219,68.198
1248,1,2016-05-04 12:00:00,534.952,14,10.0,0.0,8.3,0.0,1007.5,90.0,5.7,Office,78002,,5,2,4,0.006858183123509653,230.02936
455,0,2016-09-15 13:00:00,80.45,3,21.7,0.0,13.3,0.0,1023.5,40.0,5.1,Healthcare,29192,2014.0,9,3,15,0.002755892025212387,34.5935
250,3,2016-11-05 13:00:00,0.0,2,16.7,0.0,12.8,0.0,1015.5,110.0,2.1,Education,131710,1991.0,11,4,5,0.0,0.0
919,0,2016-10-29 05:00:00,19.0,9,22.2,0.0,16.1,0.0,1021.0,180.0,2.1,Education,31233,,10,4,29,0.0006083309320270228,8.17
1269,1,2016-08-09 12:00:00,879.218,14,21.1,2.0,18.9,0.0,1022.0,0.0,0.0,Healthcare,56388,,8,3,9,0.015592289139533233,378.06374
915,1,2016-12-11 13:00:00,320.455,9,10.6,9.0,10.6,0.0,1017.0,0.0,0.0,Education,205141,,12,4,11,0.0015621206877221032,137.79565
174,1,2016-05-27 03:00:00,195.044,2,27.2,0.0,-2.2,0.0,1008.0,210.0,2.6,Education,90900,,5,2,27,0.002145698569856986,83.86892
124,0,2016-09-01 03:00:00,21.9,1,13.3,0.0,11.1,0.0,1022.5,260.0,2.1,Education,38319,1900.0,9,3,1,0.000571518045878024,9.417
682,0,2016-08-25 19:00:00,33.2,5,17.0,0.0,17.0,0.0,1016.5,300.0,3.6,Entertainment/public assembly,64153,,8,3,25,0.0005175128209125061,14.276000000000002
491,0,2016-05-16 06:00:00,46.25,3,8.9,2.0,0.6,0.0,1020.5,200.0,1.5,Education,66600,1970.0,5,2,16,0.0006944444444444445,19.8875
1064,0,2016-08-22 21:00:00,182.015,12,16.5,7.0,13.7,0.0,1022.0,110.0,3.0,Education,131212,,8,3,22,0.0013871825747645032,78.26644999999999
137,0,2016-11-03 22:00:00,57.5,1,8.3,0.0,5.3,0.0,1017.5,220.0,3.1,Entertainment/public assembly,64024,1967.0,11,4,3,0.0008981007122329126,24.724999999999998
133,0,2016-10-04 23:00:00,63.9,1,13.3,0.0,10.4,0.0,1030.0,90.0,5.1,Lodging/residential,64723,1960.0,10,4,4,0.0009872842729786939,27.477
770,2,2016-01-06 02:00:00,593.941,6,-4.4,0.0,-17.2,0.0,1037.0,330.0,1.5,Education,80325,,1,1,6,0.007394223467164644,255.39463
1344,0,2016-11-17 17:00:00,344.575,15,7.8,0.0,5.6,0.0,1020.0,290.0,4.1,Education,125507,1974.0,11,4,17,0.0027454643964081684,148.16725
816,0,2016-06-25 16:00:00,2.8333,8,31.7,0.0,22.2,0.0,1020.0,165.0,2.6,Entertainment/public assembly,356,,6,2,25,0.00795870786516854,1.218319
200,0,2016-07-31 16:00:00,151.07,2,31.1,0.0,18.9,0.0,1010.5,270.0,5.1,Entertainment/public assembly,143093,1964.0,7,3,31,0.001055746961766124,64.9601
1272,3,2016-12-29 18:00:00,2011.01,14,5.6,0.0,5.0,8.0,1002.0,210.0,2.1,Public services,247471,,12,4,29,0.008126245095384914,864.7343
566,0,2016-04-18 20:00:00,0.523,4,24.4,2.0,6.7,0.0,1017.5,250.0,2.6,Education,2010,1957.0,4,2,18,0.0002601990049751244,0.22489
200,0,2016-12-13 19:00:00,172.39,2,20.5,0.0,4.7,0.0,1016.5,110.0,3.1,Entertainment/public assembly,143093,1964.0,12,4,13,0.001204740972654148,74.12769999999999
797,0,2016-05-22 11:00:00,2393.77,7,13.3,0.0,8.6,0.0,1012.0,10.0,4.1,Education,764237,1979.0,5,2,22,0.0031322351574184447,1029.3211
945,1,2016-07-05 07:00:00,1435.96,9,27.2,0.0,23.9,0.0,1013.5,180.0,3.6,Office,332447,,7,3,5,0.00431936519204565,617.4628
627,0,2016-01-17 06:00:00,97.75,4,13.3,0.0,12.8,0.0,1021.5,0.0,0.0,Education,56637,1953.0,1,1,17,0.0017259035612761976,42.0325
12,0,2016-07-31 07:00:00,180.196,0,24.4,0.0,22.8,0.0,1017.0,180.0,1.5,Lodging/residential,37100,1999.0,7,3,31,0.004857035040431267,77.48428
1251,0,2016-06-24 23:00:00,257.0,14,24.4,2.0,15.6,0.0,1017.0,90.0,5.1,Education,104604,,6,2,24,0.0024568850139574014,110.51
435,0,2016-01-08 21:00:00,64.04,3,5.6,8.0,5.0,-1.0,1020.0,50.0,3.1,Office,29916,2002.0,1,1,8,0.00214066051611178,27.537200000000002
1129,1,2016-03-02 21:00:00,11.9952,13,-1.1,4.0,-13.3,0.0,1017.0,140.0,2.6,Office,133100,,3,1,2,9.012171299774606e-05,5.157936
1392,2,2016-08-07 00:00:00,1195.72,15,23.3,4.0,13.9,0.0,1009.5,360.0,2.1,Entertainment/public assembly,76153,1963.0,8,3,7,0.015701548199020393,514.1596
195,1,2016-08-03 10:00:00,39.6701,2,27.2,0.0,22.8,0.0,1012.0,80.0,3.6,Office,9703,1940.0,8,3,3,0.004088436566010512,17.058142999999998
24,0,2016-04-25 16:00:00,0.0,0,27.2,0.0,16.1,0.0,1018.0,110.0,3.6,Education,105545,2001.0,4,2,25,0.0,0.0
1359,0,2016-09-09 13:00:00,129.2,15,22.2,0.0,20.0,0.0,1014.0,0.0,0.0,Education,124289,1904.0,9,3,9,0.001039512748513545,55.556
128,0,2016-08-18 09:00:00,92.6,1,19.6,0.0,14.3,0.0,1010.5,330.0,2.1,Lodging/residential,102774,1956.0,8,3,18,0.0009010060910346975,39.818
1001,1,2016-03-13 21:00:00,0.0,10,13.9,0.0,-2.8,0.0,1008.5,200.0,3.1,Other,4482,,3,1,13,0.0,0.0
725,0,2016-11-26 04:00:00,2.2,5,6.0,0.0,4.0,0.0,1016.5,60.0,5.7,Education,13789,1919.0,11,4,26,0.00015954746537094787,0.9460000000000001
330,0,2016-12-09 09:00:00,103.91,3,-0.6,0.0,-9.4,0.0,1024.0,300.0,5.7,Education,65000,,12,4,9,0.0015986153846153845,44.6813
1338,2,2016-07-11 03:00:00,60.6908,15,12.2,0.0,11.7,0.0,1018.0,0.0,0.0,Education,31415,1912.0,7,3,11,0.001931905140856279,26.097044
552,0,2016-05-28 08:00:00,52.15,3,22.2,0.0,18.9,0.0,1019.0,190.0,4.6,Public services,20110,1936.0,5,2,28,0.0025932371954251617,22.4245
883,1,2016-01-30 09:00:00,415.868,9,11.7,0.0,3.9,0.0,1012.5,200.0,2.6,Education,399331,,1,1,30,0.0010414117611705577,178.82324
940,0,2016-03-29 07:00:00,5.28,9,17.2,0.0,11.1,0.0,1015.0,0.0,0.0,Lodging/residential,8079,,3,1,29,0.0006535462309691794,2.2704
979,1,2016-08-03 08:00:00,260.739,9,26.7,0.0,22.8,0.0,1016.0,165.0,1.5,Entertainment/public assembly,52357,,8,3,3,0.004980021773592833,112.11777
757,2,2016-12-27 09:00:00,0.4684,6,11.7,0.0,9.4,0.0,1017.5,200.0,6.7,Education,46813,,12,4,27,1.000576762865016e-05,0.20141199999999998
309,0,2016-02-23 23:00:00,5.68,3,6.1,0.0,5.0,3.0,1019.0,10.0,4.6,Entertainment/public assembly,2067,,2,1,23,0.0027479438800193517,2.4423999999999997
146,0,2016-11-09 01:00:00,16.1,1,4.5,0.0,4.0,0.0,999.0,90.0,4.1,Office,31614,1956.0,11,4,9,0.0005092680458024927,6.923000000000001
1270,0,2016-03-18 13:00:00,11.0,14,9.4,0.0,-3.9,0.0,1010.5,290.0,5.1,Entertainment/public assembly,18551,,3,1,18,0.0005929599482507682,4.7299999999999995
82,1,2016-08-17 12:00:00,379.893,0,25.6,2.0,25.0,0.0,1021.5,80.0,1.5,Office,10743,1974.0,8,3,17,0.03536191008098296,163.35398999999998
1273,3,2016-07-22 23:00:00,562.294,14,31.7,0.0,21.7,0.0,1009.0,230.0,5.1,Office,104089,,7,3,22,0.005402050168605712,241.78642
1267,1,2016-03-24 19:00:00,1539.0,14,12.2,0.0,6.1,0.0,1014.5,90.0,6.2,Education,138977,,3,1,24,0.011073774797268612,661.77
1060,0,2016-05-22 04:00:00,16.0175,12,7.1,4.0,5.9,0.0,1004.5,250.0,4.0,Entertainment/public assembly,71806,,5,2,22,0.00022306631757791826,6.887524999999999
922,1,2016-03-13 19:00:00,285.111,9,27.8,0.0,2.8,0.0,1008.0,280.0,5.1,Education,147205,,3,1,13,0.001936829591386162,122.59773
1004,0,2016-10-11 23:00:00,254.0,10,19.4,0.0,-0.6,0.0,1013.0,340.0,3.6,Education,74886,,10,4,11,0.003391822236466095,109.22
1190,0,2016-08-02 03:00:00,29.681,13,25.0,4.0,20.6,0.0,1015.5,150.0,3.1,Office,39807,,8,3,2,0.0007456226291858216,12.762830000000001
1301,1,2016-04-09 09:00:00,428.092,14,0.0,0.0,-5.6,0.0,1006.5,90.0,1.5,Education,62242,,4,2,9,0.006877863821856624,184.07956
815,0,2016-04-17 02:00:00,0.3333,8,20.0,2.0,14.4,0.0,1021.0,40.0,5.7,Entertainment/public assembly,666,,4,2,17,0.0005004504504504504,0.143319
361,0,2016-03-28 02:00:00,12.96,3,10.0,0.0,8.9,-1.0,1020.0,80.0,3.1,Public services,13224,1965.0,3,1,28,0.0009800362976406533,5.5728
1251,1,2016-06-28 08:00:00,1767.58,14,21.1,0.0,19.4,0.0,1013.5,160.0,2.6,Education,104604,,6,2,28,0.01689782417498375,760.0594
846,0,2016-01-31 22:00:00,0.5417,8,21.1,0.0,12.8,0.0,1019.0,170.0,2.6,Entertainment/public assembly,481,,1,1,31,0.0011261954261954261,0.23293099999999997
861,0,2016-03-05 15:00:00,12.5,8,18.3,0.0,10.6,0.0,1021.0,30.0,3.1,Other,4276,,3,1,5,0.002923292797006548,5.375
1259,0,2016-01-02 03:00:00,132.0,14,1.1,0.0,-8.3,0.0,1017.5,270.0,2.1,Education,71088,,1,1,2,0.0018568534773801485,56.76
139,3,2016-04-18 04:00:00,0.0,1,3.0,0.0,1.2,0.0,1020.5,250.0,2.6,Public services,56629,1900.0,4,2,18,0.0,0.0
924,1,2016-06-23 21:00:00,1188.55,9,33.9,4.0,21.7,0.0,1015.0,165.0,2.6,Entertainment/public assembly,252268,,6,2,23,0.0047114576561434664,511.07649999999995
395,0,2016-07-28 06:00:00,29.32,3,27.8,4.0,24.4,0.0,1013.0,180.0,3.1,Public services,8925,1912.0,7,3,28,0.00328515406162465,12.6076
1126,0,2016-10-06 23:00:00,197.244,13,15.0,0.0,3.9,-1.0,1014.5,40.0,4.1,Education,72332,,10,4,6,0.0027269258419510035,84.81492
205,0,2016-07-10 00:00:00,89.29,2,43.3,2.0,6.1,0.0,1007.5,270.0,5.1,Lodging/residential,60086,2001.0,7,3,10,0.001486036680757581,38.3947
183,1,2016-06-02 04:00:00,104.521,2,34.4,0.0,0.6,0.0,1005.5,250.0,4.6,Education,132518,1992.0,6,2,2,0.0007887305875428244,44.94403
279,3,2016-01-15 16:00:00,0.0,2,7.2,0.0,1.7,0.0,1014.0,150.0,2.6,Education,49384,1967.0,1,1,15,0.0,0.0
1003,1,2016-07-27 02:00:00,117.194,10,34.4,0.0,-3.3,0.0,1008.5,220.0,2.1,Education,94751,,7,3,27,0.0012368629354835305,50.39342
1030,1,2016-07-11 15:00:00,224.932,11,23.3,0.0,15.6,0.0,1018.0,260.0,2.1,Education,68030,,7,3,11,0.0033063648390415992,96.72076
1287,2,2016-04-12 10:00:00,430.632,14,15.0,0.0,10.6,0.0,1012.5,210.0,6.2,Education,60582,,4,2,12,0.00710824997524017,185.17176
1129,0,2016-06-18 07:00:00,121.309,13,22.2,0.0,15.6,0.0,1018.5,100.0,2.1,Office,133100,,6,2,18,0.000911412471825695,52.16287
865,0,2016-07-07 07:00:00,24.1667,8,27.2,4.0,23.9,0.0,1019.0,180.0,2.1,Public services,10174,,7,3,7,0.002375339099665815,10.391681
846,0,2016-02-01 17:00:00,0.5,8,25.6,4.0,15.6,0.0,1018.0,230.0,3.6,Entertainment/public assembly,481,,2,1,1,0.0010395010395010396,0.215
931,0,2016-09-07 23:00:00,218.0,9,33.3,4.0,23.3,0.0,1015.5,170.0,2.6,Education,216050,,9,3,7,0.0010090256884980329,93.74
1026,0,2016-03-15 10:00:00,158.5,10,0.0,0.0,-3.3,0.0,1021.0,0.0,0.0,Lodging/residential,88480,,3,1,15,0.0017913652802893309,68.155
286,1,2016-02-03 00:00:00,58.9424,2,12.8,0.0,-13.9,0.0,1018.0,280.0,6.7,Lodging/residential,32841,1935.0,2,1,3,0.0017947809141012757,25.345232
214,0,2016-06-06 22:00:00,126.73,2,42.2,2.0,-2.8,0.0,1001.0,165.0,2.1,Education,91273,1951.0,6,2,6,0.0013884719467969718,54.493900000000004
709,0,2016-12-06 03:00:00,5.8,5,6.0,0.0,6.0,0.0,1016.5,60.0,3.6,Education,23067,1976.0,12,4,6,0.00025144145315819134,2.4939999999999998
1328,1,2016-11-25 08:00:00,17.7187,15,2.2,0.0,1.7,0.0,1023.5,120.0,1.5,Education,279840,2008.0,11,4,25,6.331725271583761e-05,7.619040999999999
1433,2,2016-06-28 02:00:00,1289.68,15,23.3,4.0,18.9,0.0,1014.0,150.0,4.1,Education,28084,1913.0,6,2,28,0.0459222333000997,554.5624
1297,1,2016-01-30 02:00:00,233.24,14,0.6,4.0,-8.3,0.0,1008.5,310.0,4.6,Office,21469,,1,1,30,0.010864036517769808,100.2932
1018,1,2016-07-15 03:00:00,0.0,10,28.3,0.0,-1.7,0.0,1012.0,0.0,0.0,Education,186840,,7,3,15,0.0,0.0
239,1,2016-08-18 02:00:00,566.143,2,40.6,4.0,7.2,0.0,1004.5,130.0,2.1,Lodging/residential,106440,1963.0,8,3,18,0.005318893273205562,243.44149000000002
193,0,2016-09-05 03:00:00,4.12,2,35.0,0.0,1.7,0.0,1001.5,270.0,4.6,Office,6203,1999.0,9,3,5,0.0006641947444784782,1.7716
1297,2,2016-08-20 12:00:00,220.959,14,23.9,0.0,20.6,0.0,1013.0,0.0,0.0,Office,21469,,8,3,20,0.010292002422096977,95.01237
1371,0,2016-07-08 23:00:00,36.65,15,25.0,4.0,22.2,0.0,1008.0,165.0,3.1,Public services,50577,1956.0,7,3,8,0.0007246376811594203,15.7595
1120,0,2016-10-30 17:00:00,62.36,13,6.7,0.0,1.7,0.0,1026.0,60.0,2.1,Services,70040,,10,4,30,0.0008903483723586522,26.814799999999998
851,0,2016-10-09 23:00:00,122.417,8,25.6,0.0,16.1,0.0,1017.0,20.0,4.6,Public services,16682,,10,4,9,0.007338268792710706,52.63931
209,0,2016-03-04 12:00:00,961.7,2,17.8,6.0,-2.8,0.0,1012.5,110.0,2.6,Education,193294,2006.0,3,1,4,0.0049753225656254205,413.531
1398,1,2016-05-05 20:00:00,0.0,15,12.8,0.0,6.7,0.0,1007.0,350.0,2.6,Lodging/residential,20291,1925.0,5,2,5,0.0,0.0
34,0,2016-06-22 15:00:00,267.837,0,30.0,2.0,17.8,0.0,1020.5,10.0,3.1,Lodging/residential,42731,2002.0,6,2,22,0.006267978750789825,115.16990999999999
213,0,2016-03-29 05:00:00,179.14,2,22.2,0.0,1.1,0.0,1004.0,210.0,2.6,Education,49662,1964.0,3,1,29,0.0036071845676774995,77.0302
1346,2,2016-12-20 22:00:00,0.0,15,-2.0,0.0,-9.0,0.0,1016.5,190.0,6.7,Education,34875,1993.0,12,4,20,0.0,0.0
379,0,2016-01-29 22:00:00,8.3,3,2.8,0.0,-8.3,0.0,1010.0,310.0,8.8,Entertainment/public assembly,7675,,1,1,29,0.0010814332247557005,3.5690000000000004
1168,0,2016-08-11 08:00:00,3844.93,13,21.1,0.0,19.4,38.0,1010.5,150.0,4.6,Office,577101,,8,3,11,0.006662490621225747,1653.3199
918,2,2016-10-21 05:00:00,54.9,9,19.4,0.0,8.3,0.0,1023.5,10.0,3.1,Education,60621,,10,4,21,0.0009056267630029197,23.607
1437,2,2016-01-11 05:00:00,2180.52,15,-3.3,0.0,-11.1,0.0,1004.5,270.0,12.4,Education,111518,1968.0,1,1,11,0.019553076633368603,937.6236
533,0,2016-01-30 01:00:00,58.5,3,1.1,0.0,-8.3,0.0,1013.5,300.0,5.7,Lodging/residential,11900,,1,1,30,0.0049159663865546216,25.155
755,0,2016-11-15 05:00:00,14.9167,6,7.8,0.0,6.1,-1.0,1015.0,165.0,1.5,Office,42129,,11,4,15,0.0003540720169004724,6.414181
1073,2,2016-08-10 06:00:00,2126.5,13,26.7,0.0,21.1,0.0,1013.0,210.0,2.6,Office,194111,,8,3,10,0.010955072097923353,914.395
235,1,2016-02-22 20:00:00,46.2114,2,25.0,2.0,-2.8,0.0,1009.5,230.0,3.6,Education,9309,1970.0,2,1,22,0.0049641637125362546,19.870901999999997
61,0,2016-12-06 19:00:00,243.674,0,23.9,0.0,21.7,191.0,1011.0,250.0,7.2,Lodging/residential,38686,2001.0,12,4,6,0.006298764410898,104.77982
1239,2,2016-10-25 01:00:00,131.9,14,11.1,0.0,-0.6,0.0,1019.0,20.0,2.1,Office,31300,,10,4,25,0.00421405750798722,56.717
1360,0,2016-09-05 09:00:00,198.475,15,12.8,0.0,12.2,0.0,1025.0,80.0,2.6,Entertainment/public assembly,111530,1988.0,9,3,5,0.0017795660360441137,85.34425
1205,0,2016-07-05 00:00:00,22.736,13,25.6,8.0,16.1,0.0,1007.5,200.0,3.6,Parking,178270,,7,3,5,0.00012753688225725025,9.77648
496,0,2016-02-15 11:00:00,41.65,3,-5.6,0.0,-8.3,-1.0,1032.0,140.0,3.1,Public services,16200,,2,1,15,0.0025709876543209874,17.909499999999998
958,2,2016-04-14 04:00:00,173.85,9,16.7,0.0,7.2,0.0,1016.5,165.0,3.1,Entertainment/public assembly,234819,,4,2,14,0.0007403574668148659,74.7555
438,0,2016-02-08 09:00:00,96.34,3,2.2,6.0,-5.6,0.0,1008.0,340.0,4.6,Public services,36562,,2,1,8,0.002634976204802801,41.4262
1179,1,2016-04-03 03:00:00,38.9844,13,0.6,0.0,-13.9,0.0,1016.0,260.0,3.1,Entertainment/public assembly,143228,,4,2,3,0.00027218420979138155,16.763292
918,0,2016-12-14 05:00:00,53.0,9,11.1,0.0,8.3,0.0,1020.0,340.0,2.1,Education,60621,,12,4,14,0.0008742844888734927,22.79
1185,2,2016-05-10 18:00:00,847.656,13,12.2,8.0,10.0,0.0,1013.5,100.0,5.1,Office,129532,,5,2,10,0.006543989130099126,364.49208
253,1,2016-08-15 20:00:00,297.49,2,40.0,2.0,12.8,0.0,1008.5,190.0,3.6,Education,65907,1964.0,8,3,15,0.004513784575234801,127.9207
920,0,2016-09-15 22:00:00,115.0,9,33.9,2.0,20.6,0.0,1012.5,120.0,5.1,Education,85623,,9,3,15,0.0013430970650409352,49.449999999999996
979,1,2016-01-24 01:00:00,70.97,9,10.6,0.0,-0.6,0.0,1022.5,160.0,2.1,Entertainment/public assembly,52357,,1,1,24,0.0013555016521191053,30.5171
1022,1,2016-06-19 07:00:00,0.0,10,18.9,0.0,7.8,0.0,1013.0,290.0,3.6,Education,84346,,6,2,19,0.0,0.0
1230,3,2016-02-08 14:00:00,581.9,14,2.8,0.0,-2.8,0.0,1007.5,40.0,4.1,Office,22524,,2,1,8,0.025834665245959863,250.21699999999998
279,0,2016-11-10 23:00:00,30.79,2,26.7,2.0,2.2,0.0,1015.5,50.0,2.1,Education,49384,1967.0,11,4,10,0.0006234812894864734,13.2397
107,0,2016-07-10 09:00:00,121.0,1,18.4,0.0,15.9,0.0,1009.5,210.0,6.7,Education,97532,2005.0,7,3,10,0.001240618463683714,52.03
1222,0,2016-06-30 13:00:00,366.598,13,20.6,0.0,16.1,0.0,1014.0,165.0,2.6,Lodging/residential,187174,,6,2,30,0.0019585946766110677,157.63714000000002
116,0,2016-03-06 10:00:00,148.9,1,3.9,0.0,1.0,0.0,1007.5,310.0,4.1,Education,37265,,3,1,6,0.003995706426942171,64.027
1080,2,2016-10-10 09:00:00,0.0,13,10.0,0.0,5.6,0.0,1021.0,150.0,3.6,Education,207115,,10,4,10,0.0,0.0
1186,2,2016-01-08 17:00:00,3062.5,13,0.6,0.0,-1.1,0.0,1010.5,340.0,4.1,Lodging/residential,157070,,1,1,8,0.019497676195326923,1316.875
183,1,2016-02-20 11:00:00,255.78,2,14.4,0.0,0.0,0.0,1015.0,90.0,1.5,Education,132518,1992.0,2,1,20,0.001930152884891109,109.9854
470,0,2016-11-15 10:00:00,50.7,3,9.4,0.0,6.1,-1.0,1014.0,360.0,2.1,Public services,24618,,11,4,15,0.002059468681452596,21.801000000000002
1309,0,2016-12-25 01:00:00,16.9,14,6.7,0.0,3.9,0.0,1022.5,290.0,2.1,Lodging/residential,58041,,12,4,25,0.00029117348081528574,7.2669999999999995
1336,0,2016-12-27 00:00:00,38.2,15,4.4,0.0,3.3,3.0,1020.5,160.0,6.2,Office,31053,1915.0,12,4,27,0.00123015489646733,16.426000000000002
570,0,2016-04-10 02:00:00,77.76,4,15.0,0.0,12.8,0.0,1012.0,310.0,3.6,Education,193202,1964.0,4,2,10,0.0004024803055868987,33.436800000000005
1226,2,2016-09-14 12:00:00,141.122,14,18.9,0.0,16.1,0.0,1019.0,0.0,0.0,Education,27995,,9,3,14,0.005040971602071799,60.682460000000006
1392,0,2016-11-02 02:00:00,75.05,15,9.4,0.0,6.1,0.0,1023.0,150.0,4.1,Entertainment/public assembly,76153,1963.0,11,4,2,0.0009855160006828358,32.271499999999996
1176,1,2016-04-09 01:00:00,14.4942,13,-1.1,4.0,-13.3,0.0,1022.0,350.0,8.8,Education,142672,,4,2,9,0.00010159106201637322,6.232506
717,0,2016-10-20 06:00:00,6.3,5,7.0,0.0,5.0,0.0,1016.5,10.0,3.1,Education,28826,1976.0,10,4,20,0.0002185526954832443,2.709
1164,0,2016-07-27 18:00:00,1987.05,13,25.6,8.0,20.6,5.0,1014.0,140.0,3.1,Office,249457,,7,3,27,0.00796550106832039,854.4314999999999
691,0,2016-04-12 18:00:00,1.7,5,10.0,0.0,5.0,0.0,1016.5,300.0,5.1,Office,42647,1976.0,4,2,12,3.986212394775717e-05,0.731
279,1,2016-06-08 06:00:00,119.784,2,33.3,0.0,6.7,0.0,1004.0,260.0,5.1,Education,49384,1967.0,6,2,8,0.0024255629353636806,51.50712
887,2,2016-08-26 03:00:00,33.55,9,27.8,0.0,22.2,-1.0,1015.5,120.0,2.6,Lodging/residential,69754,,8,3,26,0.00048097600137626513,14.426499999999999
482,0,2016-03-15 04:00:00,476.04,3,8.9,0.0,7.2,-1.0,1012.0,70.0,3.6,Education,394000,2013.0,3,1,15,0.001208223350253807,204.6972
978,0,2016-10-15 06:00:00,0.0,9,24.4,0.0,20.6,0.0,1017.0,160.0,2.6,Education,258491,,10,4,15,0.0,0.0
1077,2,2016-05-09 22:00:00,127.875,13,13.9,0.0,9.4,38.0,1009.0,60.0,4.1,Entertainment/public assembly,19454,,5,2,9,0.00657319831397142,54.98625
1295,0,2016-12-11 04:00:00,135.314,14,-2.2,0.0,-9.4,0.0,1032.0,300.0,2.6,Office,115676,,12,4,11,0.0011697672810263148,58.185019999999994
350,0,2016-02-11 05:00:00,238.5,3,-3.3,2.0,-13.3,0.0,1015.0,290.0,4.1,Education,83800,1944.0,2,1,11,0.0028460620525059665,102.55499999999999
1417,0,2016-12-30 15:00:00,83.275,15,-1.1,0.0,-5.6,0.0,1003.5,280.0,9.3,Lodging/residential,40451,1975.0,12,4,30,0.002058663568267781,35.80825
440,0,2016-09-23 18:00:00,49.78,3,29.4,0.0,16.1,0.0,1016.0,140.0,2.1,Public services,35033,1962.0,9,3,23,0.0014209459652327805,21.4054
1030,1,2016-03-23 10:00:00,0.0,11,0.0,0.0,-1.7,0.0,1012.5,360.0,2.1,Education,68030,,3,1,23,0.0,0.0
197,1,2016-02-11 09:00:00,164.061,2,16.1,2.0,1.1,0.0,1018.5,0.0,0.0,Public services,102856,,2,1,11,0.0015950552228358094,70.54623000000001
806,0,2016-07-04 07:00:00,42.5417,8,26.1,4.0,23.9,0.0,1019.5,150.0,2.6,Other,28693,,7,3,4,0.001482650820757676,18.292931
1235,1,2016-10-25 06:00:00,1980.0,14,6.7,0.0,-0.6,0.0,1021.0,0.0,0.0,Public services,278369,,10,4,25,0.007112860986675959,851.4
1283,1,2016-01-11 22:00:00,685.433,14,-1.1,0.0,-15.6,0.0,1016.5,270.0,4.6,Public services,76537,,1,1,11,0.00895557704116963,294.73618999999997
998,3,2016-07-19 09:00:00,0.0,10,25.6,0.0,10.0,0.0,1010.0,150.0,5.7,Education,173479,,7,3,19,0.0,0.0
1283,2,2016-09-13 16:00:00,372.578,14,25.6,4.0,15.6,0.0,1022.5,165.0,3.1,Public services,76537,,9,3,13,0.004867946222088662,160.20854
1088,1,2016-10-13 15:00:00,215.747,13,6.1,0.0,-2.8,0.0,1026.0,190.0,3.6,Education,287594,,10,4,13,0.0007501790718860617,92.77121000000001
1030,1,2016-07-05 21:00:00,170.714,11,31.6,0.0,9.8,0.0,1005.0,280.0,4.1,Education,68030,,7,3,5,0.0025093929148904894,73.40702
1412,0,2016-01-03 19:00:00,25.1,15,1.0,0.0,-3.0,0.0,1016.5,270.0,3.6,Lodging/residential,39538,1953.0,1,1,3,0.000634832313217664,10.793000000000001
212,0,2016-03-25 01:00:00,897.64,2,25.0,2.0,-10.0,0.0,1010.5,250.0,3.1,Education,327256,2012.0,3,1,25,0.002742929083042022,385.98519999999996
964,1,2016-07-05 16:00:00,1435.16,9,30.6,0.0,23.3,0.0,1014.5,165.0,3.1,Education,130577,,7,3,5,0.010990909578256509,617.1188000000001
1254,2,2016-04-16 19:00:00,215.613,14,17.8,0.0,-4.4,0.0,1029.0,70.0,4.1,Education,24979,,4,2,16,0.008631770687377397,92.71359
1433,0,2016-06-25 11:00:00,28.75,15,13.9,0.0,11.1,0.0,1021.5,90.0,2.6,Education,28084,1913.0,6,2,25,0.0010237145705739924,12.362499999999999
1428,0,2016-06-17 06:00:00,54.225,15,13.3,0.0,12.8,0.0,1011.0,0.0,0.0,Education,28432,1933.0,6,2,17,0.0019071820483961735,23.31675
1218,0,2016-01-14 11:00:00,355.587,13,-7.8,0.0,-10.6,0.0,1003.5,100.0,4.6,Entertainment/public assembly,268480,,1,1,14,0.0013244450238379022,152.90241
822,0,2016-07-01 04:00:00,0.0,8,25.0,0.0,23.3,0.0,1017.5,180.0,2.1,Entertainment/public assembly,366,,7,3,1,0.0,0.0
227,0,2016-03-17 15:00:00,17.12,2,16.7,2.0,-3.9,0.0,1011.0,120.0,2.6,Entertainment/public assembly,17132,1918.0,3,1,17,0.000999299556385711,7.3616
874,0,2016-06-03 05:00:00,400.0,9,21.7,0.0,17.8,0.0,1013.0,300.0,2.6,Office,181805,,6,2,3,0.0022001595115645886,172.0
1270,0,2016-03-22 15:00:00,11.0,14,7.8,0.0,-8.3,0.0,1022.5,260.0,3.6,Entertainment/public assembly,18551,,3,1,22,0.0005929599482507682,4.7299999999999995
481,0,2016-09-21 16:00:00,319.56,3,26.1,0.0,19.4,0.0,1021.5,30.0,4.6,Education,104294,1976.0,9,3,21,0.003064030529081251,137.4108
254,0,2016-01-10 03:00:00,128.57,2,11.1,0.0,5.0,0.0,1021.0,0.0,0.0,Entertainment/public assembly,254766,1989.0,1,1,10,0.0005046591774412598,55.28509999999999
256,1,2016-04-17 15:00:00,2.2156,2,20.0,2.0,-1.1,0.0,1014.5,0.0,0.0,Education,16744,,4,2,17,0.00013232202580028667,0.9527079999999999
1292,2,2016-12-27 11:00:00,1667.4,14,13.3,0.0,10.0,0.0,1012.0,230.0,7.2,Office,58196,,12,4,27,0.028651453708158636,716.9820000000001
1098,0,2016-11-15 04:00:00,28.752,13,7.2,0.0,4.4,0.0,1015.0,300.0,1.5,Office,131745,,11,4,15,0.0002182397813958784,12.36336
181,1,2016-01-02 22:00:00,14.1026,2,20.6,2.0,-1.1,0.0,1017.0,100.0,3.1,Education,148829,2014.0,1,1,2,9.475707019465293e-05,6.064118000000001
337,0,2016-12-28 23:00:00,105.74,3,6.7,0.0,-1.1,0.0,1020.5,0.0,0.0,Entertainment/public assembly,22334,1977.0,12,4,28,0.004734485537745142,45.468199999999996
995,2,2016-03-03 03:00:00,24.4,9,18.9,0.0,15.6,0.0,1013.5,170.0,3.1,Education,46230,,3,1,3,0.0005277958035907419,10.491999999999999
149,0,2016-09-10 05:00:00,97.5,1,19.0,0.0,15.0,0.0,1016.5,190.0,3.6,Office,81881,1960.0,9,3,10,0.00119075243340946,41.925
711,0,2016-03-31 14:00:00,5.409,5,11.0,0.0,6.0,0.0,1016.5,260.0,6.7,Education,15414,1976.0,3,1,31,0.00035091475282210974,2.3258699999999997
980,0,2016-02-25 03:00:00,19.0,9,9.4,0.0,0.0,0.0,1023.5,0.0,0.0,Entertainment/public assembly,34819,,2,1,25,0.0005456790832591401,8.17
997,2,2016-07-14 16:00:00,27.45,9,31.1,2.0,23.3,0.0,1016.0,165.0,3.1,Office,38173,,7,3,14,0.0007190946480496686,11.8035
625,0,2016-08-29 22:00:00,126.303,4,21.1,4.0,13.9,0.0,1017.5,260.0,6.7,Education,55516,1978.0,8,3,29,0.002275073852583039,54.310289999999995
971,0,2016-10-02 21:00:00,317.0,9,29.4,0.0,13.3,0.0,1014.5,165.0,1.5,Lodging/residential,301307,,10,4,2,0.0010520830913320965,136.31
1222,0,2016-08-01 07:00:00,347.603,13,22.2,4.0,18.3,0.0,1015.5,140.0,3.1,Lodging/residential,187174,,8,3,1,0.001857111564640388,149.46929
1360,0,2016-08-31 11:00:00,237.35,15,16.1,0.0,15.0,0.0,1015.5,140.0,1.5,Entertainment/public assembly,111530,1988.0,8,3,31,0.002128126961355689,102.06049999999999
279,1,2016-03-21 20:00:00,44.031,2,31.1,0.0,-1.1,0.0,1013.5,0.0,0.0,Education,49384,1967.0,3,1,21,0.0008916045682812246,18.933329999999998
1049,0,2016-09-27 08:00:00,139.072,12,15.3,8.0,13.2,0.0,1014.5,250.0,10.0,Education,94399,,9,3,27,0.0014732359452960307,59.80096
592,0,2016-08-30 11:00:00,455.04,4,16.7,0.0,13.9,0.0,1016.5,260.0,4.6,Education,120694,2012.0,8,3,30,0.003770195701526174,195.6672
236,1,2016-04-02 21:00:00,207.811,2,26.7,2.0,-6.7,0.0,1018.0,165.0,1.5,Entertainment/public assembly,144086,1989.0,4,2,2,0.0014422705883985953,89.35873000000001
801,2,2016-12-11 05:00:00,3161.06,7,-13.5,0.0,-15.8,0.0,1029.0,360.0,0.0,Education,484376,1952.0,12,4,11,0.006526045881711728,1359.2558
174,1,2016-11-09 03:00:00,179.641,2,27.2,0.0,2.2,0.0,1017.0,80.0,5.7,Education,90900,,11,4,9,0.0019762486248624863,77.24562999999999
353,0,2016-11-04 06:00:00,89.67,3,17.2,8.0,10.6,0.0,1017.0,10.0,4.6,Education,99700,1955.0,11,4,4,0.0008993981945837513,38.5581
432,0,2016-04-28 02:00:00,184.6,3,12.2,0.0,9.4,-1.0,1014.0,100.0,1.5,Public services,103200,,4,2,28,0.0017887596899224805,79.378
486,0,2016-11-03 12:00:00,205.49,3,15.6,6.0,15.6,0.0,1018.0,190.0,3.1,Education,86375,1903.0,11,4,3,0.00237904486251809,88.36070000000001
1193,1,2016-05-04 04:00:00,6.3308,13,15.6,0.0,-2.2,0.0,1008.5,360.0,6.2,Office,106511,,5,2,4,5.943799232004206e-05,2.722244
1380,0,2016-05-11 20:00:00,399.525,15,22.2,0.0,3.9,0.0,1020.5,320.0,3.6,Education,204029,2010.0,5,2,11,0.0019581775139808555,171.79575
1252,3,2016-08-16 12:00:00,971.4,14,25.0,0.0,22.8,0.0,1021.5,220.0,2.1,Education,116249,,8,3,16,0.008356200913556246,417.702
965,0,2016-01-28 06:00:00,28.0,9,2.2,0.0,-2.8,0.0,1025.0,0.0,0.0,Lodging/residential,45086,,1,1,28,0.0006210353546555472,12.04
21,0,2016-12-23 12:00:00,51.6016,0,14.4,2.0,10.6,0.0,1024.0,360.0,3.1,Office,7043,1990.0,12,4,23,0.0073266505750390456,22.188688
1263,1,2016-05-17 02:00:00,826.541,14,13.9,0.0,1.1,0.0,1020.0,230.0,2.6,Education,97838,,5,2,17,0.008448056992170732,355.41263000000004
1028,0,2016-02-23 21:00:00,117.0,11,-6.7,0.0,-14.1,0.0,1028.0,60.0,3.6,Education,81390,,2,1,23,0.0014375230372281607,50.31
928,1,2016-01-03 06:00:00,238.513,9,5.6,0.0,5.0,5.0,1028.0,165.0,1.5,Education,179115,,1,1,3,0.00133161935069648,102.56059
1246,0,2016-03-06 21:00:00,45.0,14,5.6,2.0,-6.1,0.0,1024.0,320.0,2.6,Office,50327,,3,1,6,0.0008941522443221332,19.35
10,0,2016-08-14 13:00:00,1763.05,0,27.2,0.0,25.0,0.0,1019.0,70.0,4.1,Entertainment/public assembly,370773,1991.0,8,3,14,0.004755065768003604,758.1115
1246,1,2016-12-03 19:00:00,64.2072,14,10.0,0.0,-3.3,0.0,1017.5,330.0,6.2,Office,50327,,12,4,3,0.0012758002662586682,27.609096
277,0,2016-06-10 22:00:00,23.71,2,36.1,0.0,14.4,0.0,1008.0,290.0,6.7,Education,12761,1909.0,6,2,10,0.001858004858553405,10.1953
1123,0,2016-12-03 20:00:00,23.383,13,0.0,2.0,-6.7,0.0,1025.0,130.0,3.6,Office,92994,,12,4,3,0.00025144632987074433,10.054689999999999
1354,2,2016-06-07 12:00:00,120.706,15,17.2,4.0,13.3,0.0,1001.0,210.0,2.1,Education,23232,,6,2,7,0.005195678374655647,51.90358
1083,0,2016-03-08 18:00:00,304.911,13,20.0,6.0,11.7,0.0,1001.5,200.0,7.2,Education,100813,,3,1,8,0.003024520647138762,131.11173
1366,1,2016-03-31 16:00:00,9.7381,15,16.1,0.0,4.4,0.0,1008.5,180.0,6.7,Office,87977,1947.0,3,1,31,0.00011068915739340964,4.187383
491,0,2016-05-25 15:00:00,106.56,3,25.6,8.0,14.4,0.0,1021.0,0.0,0.0,Education,66600,1970.0,5,2,25,0.0016,45.8208
586,0,2016-11-05 21:00:00,47.3,4,18.3,0.0,13.3,0.0,1019.0,280.0,6.2,Public services,166514,1917.0,11,4,5,0.00028406019914241446,20.339
1233,1,2016-11-25 22:00:00,0.0,14,10.0,0.0,4.4,0.0,1021.5,0.0,0.0,Education,43143,,11,4,25,0.0,0.0
1022,1,2016-03-29 19:00:00,0.0,10,5.6,0.0,1.7,-1.0,1000.0,160.0,3.6,Education,84346,,3,1,29,0.0,0.0
1366,1,2016-12-13 08:00:00,3.4387,15,-1.1,0.0,-6.1,0.0,1019.0,270.0,3.1,Office,87977,1947.0,12,4,13,3.9086352114757265e-05,1.4786409999999999
334,0,2016-04-10 22:00:00,31.54,3,11.1,0.0,-7.8,0.0,1026.0,190.0,5.1,Education,57100,1960.0,4,2,10,0.0005523642732049036,13.562199999999999
396,0,2016-03-22 18:00:00,26.67,3,14.4,4.0,-1.7,0.0,1021.5,200.0,6.7,Public services,16768,1980.0,3,1,22,0.0015905295801526718,11.4681
1408,1,2016-04-21 08:00:00,22.9245,15,2.2,0.0,-2.8,0.0,1020.0,60.0,1.5,Entertainment/public assembly,28760,2007.0,4,2,21,0.0007970966620305979,9.857534999999999
806,0,2016-11-25 17:00:00,57.2083,8,27.2,4.0,14.4,0.0,1023.5,40.0,2.6,Other,28693,,11,4,25,0.001993806851845398,24.599569
895,2,2016-12-02 10:00:00,73.2,9,11.1,0.0,7.2,0.0,1017.5,0.0,0.0,Education,55087,,12,4,2,0.001328807159583931,31.476
1359,1,2016-11-01 07:00:00,16.8284,15,0.0,0.0,-1.1,0.0,1025.0,140.0,3.1,Education,124289,1904.0,11,4,1,0.00013539734007031996,7.236211999999999
1307,2,2016-09-08 13:00:00,1.0613,14,24.4,0.0,20.0,0.0,1013.5,170.0,3.1,Lodging/residential,66013,,9,3,8,1.6077136321633617e-05,0.45635899999999996
1018,3,2016-10-13 12:00:00,1303.8,10,7.8,0.0,-1.7,0.0,1016.5,160.0,3.6,Education,186840,,10,4,13,0.006978163134232498,560.634
1028,1,2016-01-28 03:00:00,0.0,11,-9.8,0.0,-12.4,0.0,1017.0,160.0,1.0,Education,81390,,1,1,28,0.0,0.0
693,0,2016-12-03 10:00:00,69.4,5,6.0,0.0,4.0,0.0,1016.5,80.0,5.7,Office,57436,1976.0,12,4,3,0.0012083014137474755,29.842000000000002
1245,2,2016-11-28 10:00:00,242.296,14,-0.6,0.0,-5.0,0.0,1021.5,0.0,0.0,Healthcare,35354,,11,4,28,0.006853425354981049,104.18728
1136,0,2016-04-29 22:00:00,37.192,13,15.0,2.0,0.6,0.0,1020.0,50.0,2.6,Office,79782,,4,2,29,0.0004661703141059387,15.99256
181,1,2016-08-06 12:00:00,457.824,2,28.9,2.0,19.4,0.0,1007.0,90.0,3.6,Education,148829,2014.0,8,3,6,0.0030761746702591564,196.86432
963,0,2016-07-24 03:00:00,18.0,9,32.8,0.0,21.1,0.0,1011.0,165.0,2.6,Lodging/residential,44784,,7,3,24,0.00040192926045016077,7.74
1414,0,2016-01-17 10:00:00,70.275,15,-3.3,0.0,-6.1,-1.0,1010.5,350.0,3.6,Lodging/residential,65663,1975.0,1,1,17,0.0010702374244247143,30.21825
979,0,2016-02-21 19:00:00,42.0,9,20.0,0.0,17.8,3.0,1016.5,210.0,1.5,Entertainment/public assembly,52357,,2,1,21,0.000802184999140516,18.06
1309,1,2016-05-09 06:00:00,127.163,14,7.8,0.0,1.1,0.0,1014.5,190.0,1.5,Lodging/residential,58041,,5,2,9,0.0021909167657345667,54.68009
1331,3,2016-05-01 15:00:00,4971.84,15,5.6,0.0,4.4,3.0,1018.0,130.0,5.1,Education,171008,1930.0,5,2,1,0.02907372754491018,2137.8912
929,1,2016-01-23 09:00:00,0.0,9,0.6,0.0,-2.2,0.0,1027.0,0.0,0.0,Education,199628,,1,1,23,0.0,0.0
166,0,2016-11-10 09:00:00,335.72,2,18.9,2.0,1.7,0.0,1018.0,90.0,3.6,Lodging/residential,553210,2009.0,11,4,10,0.0006068581551309629,144.3596
1200,0,2016-08-29 09:00:00,564.387,13,22.2,2.0,20.6,0.0,1020.0,140.0,2.6,Entertainment/public assembly,545351,,8,3,29,0.0010349059596480065,242.68640999999997
1210,2,2016-09-29 01:00:00,675.781,13,15.0,0.0,8.9,0.0,1027.0,10.0,3.6,Office,92500,,9,3,29,0.00730574054054054,290.58583
1021,3,2016-04-16 11:00:00,37.9632,10,2.2,0.0,-2.8,0.0,1018.0,290.0,2.6,Entertainment/public assembly,213762,,4,2,16,0.00017759564375333315,16.324176
1407,0,2016-10-31 14:00:00,151.275,15,3.9,0.0,1.7,0.0,1025.0,340.0,2.6,Lodging/residential,83141,2006.0,10,4,31,0.0018194994046258767,65.04825
1211,2,2016-03-08 20:00:00,1531.25,13,21.1,4.0,8.9,0.0,1000.5,220.0,10.8,Office,94988,,3,1,8,0.01612045732092475,658.4375
1300,3,2016-08-14 02:00:00,0.5648,14,31.1,0.0,22.8,0.0,1012.0,165.0,2.1,Healthcare,25609,,8,3,14,2.2054746378226405e-05,0.242864
927,2,2016-08-14 01:00:00,603.9,9,25.6,0.0,24.4,13.0,1009.0,0.0,0.0,Lodging/residential,745671,,8,3,14,0.000809874596169088,259.67699999999996
1247,1,2016-07-29 12:00:00,2027.0,14,21.7,0.0,20.0,2.0,1016.5,30.0,4.1,Food sales and service,69876,,7,3,29,0.029008529394928158,871.61
231,0,2016-12-15 15:00:00,80.82,2,12.8,0.0,5.0,0.0,1016.5,100.0,3.6,Education,33739,1939.0,12,4,15,0.002395447405080174,34.752599999999994
956,1,2016-04-27 13:00:00,172.537,9,16.7,0.0,15.6,0.0,1005.5,300.0,3.6,Office,86167,,4,2,27,0.0020023558903060337,74.19091
103,0,2016-01-17 15:00:00,0.0,0,20.6,0.0,15.6,0.0,1006.0,280.0,10.8,Education,21657,2016.0,1,1,17,0.0,0.0
586,0,2016-07-23 19:00:00,48.75,4,23.3,0.0,12.8,0.0,1015.0,310.0,3.1,Public services,166514,1917.0,7,3,23,0.0002927681756488944,20.9625
260,0,2016-02-12 20:00:00,224.98,2,27.8,2.0,-3.9,0.0,1018.5,110.0,3.1,Education,126985,1979.0,2,1,12,0.0017717053195259282,96.7414
878,1,2016-10-18 12:00:00,156.148,9,24.4,0.0,21.7,0.0,1010.0,165.0,2.6,Lodging/residential,41241,,10,4,18,0.0037862321476200868,67.14363999999999
112,3,2016-09-22 13:00:00,0.0,1,17.6,0.0,13.8,0.0,1019.5,210.0,5.1,Education,32206,,9,3,22,0.0,0.0
1072,2,2016-08-20 21:00:00,5636.72,13,17.2,0.0,15.0,8.0,1007.0,280.0,4.6,Healthcare,305000,,8,3,20,0.01848104918032787,2423.7896
522,0,2016-09-26 14:00:00,18.49,3,20.0,0.0,15.0,0.0,1020.5,180.0,5.1,Office,8000,,9,3,26,0.00231125,7.950699999999999
136,0,2016-06-18 03:00:00,29.062,1,12.0,0.0,11.5,0.0,1015.0,320.0,2.1,Lodging/residential,56467,1960.0,6,2,18,0.0005146722864682027,12.49666
573,0,2016-05-08 08:00:00,10.0507,4,13.9,0.0,11.7,0.0,1015.0,340.0,1.5,Education,23815,1914.0,5,2,8,0.00042203233256351045,4.321801000000001
1070,1,2016-02-02 02:00:00,20.6584,13,-1.1,0.0,-3.9,0.0,1020.5,360.0,3.6,Lodging/residential,230747,,2,1,2,8.952835789847755e-05,8.883112
279,3,2016-10-01 13:00:00,0.0,2,23.9,2.0,14.4,0.0,1013.0,160.0,1.5,Education,49384,1967.0,10,4,1,0.0,0.0
952,1,2016-12-07 22:00:00,295.978,9,12.8,0.0,8.9,0.0,1018.0,165.0,2.1,Education,218024,,12,4,7,0.0013575477929035336,127.27054
886,0,2016-07-24 10:00:00,0.0,9,26.7,2.0,23.9,0.0,1012.0,190.0,2.6,Education,69799,,7,3,24,0.0,0.0
1412,0,2016-12-18 16:00:00,18.2,15,-1.1,0.0,-1.7,5.0,1014.0,310.0,7.2,Lodging/residential,39538,1953.0,12,4,18,0.00046031665739288785,7.826
751,2,2016-03-08 12:00:00,204.093,6,11.1,0.0,3.3,0.0,1022.0,190.0,1.5,Office,37485,,3,1,8,0.005444657863145258,87.75998999999999
948,1,2016-01-24 09:00:00,9.3197,9,3.9,0.0,-0.6,0.0,1020.0,0.0,0.0,Entertainment/public assembly,20372,,1,1,24,0.00045747594737875514,4.007471
1430,2,2016-01-17 12:00:00,493.948,15,-3.3,0.0,-6.1,-1.0,1012.0,0.0,0.0,Office,53303,1981.0,1,1,17,0.0092667954899349,212.39764
1239,0,2016-06-28 07:00:00,18.0,14,21.1,0.0,19.4,0.0,1013.5,180.0,2.6,Office,31300,,6,2,28,0.0005750798722044729,7.74
907,1,2016-06-28 20:00:00,384.11,9,37.8,0.0,20.6,0.0,1013.5,165.0,2.1,Entertainment/public assembly,44564,,6,2,28,0.008619289112287945,165.1673
228,0,2016-10-02 21:00:00,50.43,2,25.6,0.0,19.4,3.0,1010.5,90.0,4.1,Lodging/residential,49108,1951.0,10,4,2,0.001026920257391871,21.6849
1253,1,2016-12-01 01:00:00,1557.37,14,12.2,0.0,11.7,3.0,1004.5,40.0,2.1,Education,134748,,12,4,1,0.011557648350995932,669.6691
1009,3,2016-12-28 02:00:00,21.492,10,-5.6,0.0,-8.3,0.0,1026.0,310.0,1.5,Education,21892,,12,4,28,0.0009817284852914306,9.24156
895,0,2016-01-12 22:00:00,36.0,9,18.3,0.0,-0.6,0.0,1023.5,0.0,0.0,Education,55087,,1,1,12,0.0006535117178281628,15.48
1099,0,2016-07-13 22:00:00,680.489,13,28.9,4.0,13.9,0.0,1005.5,280.0,10.3,Education,332884,,7,3,13,0.0020442226120810855,292.61027
963,0,2016-11-18 15:00:00,21.0,9,22.8,0.0,20.0,-1.0,1018.0,300.0,1.5,Lodging/residential,44784,,11,4,18,0.00046891747052518756,9.03
833,0,2016-04-04 00:00:00,11.6667,8,18.9,2.0,9.4,0.0,1019.0,80.0,4.1,Public services,6392,,4,2,4,0.00182520337922403,5.016681
900,2,2016-05-15 09:00:00,0.0,9,16.7,0.0,15.0,0.0,1017.5,0.0,0.0,Education,111623,,5,2,15,0.0,0.0
883,0,2016-04-11 01:00:00,409.0,9,22.8,0.0,17.8,0.0,1010.5,140.0,3.6,Education,399331,,4,2,11,0.0010242129962362051,175.87
1108,2,2016-01-12 23:00:00,7978.5,13,-17.2,0.0,-22.8,0.0,1023.5,230.0,4.6,Parking,679614,,1,1,12,0.011739752271142148,3430.755
250,3,2016-12-26 01:00:00,0.0,2,10.6,2.0,-1.7,0.0,1019.0,310.0,2.1,Education,131710,1991.0,12,4,26,0.0,0.0
867,0,2016-11-02 15:00:00,141.667,8,26.7,0.0,20.0,0.0,1023.0,70.0,6.2,Public services,65913,,11,4,2,0.002149302868933291,60.91681
283,0,2016-01-30 19:00:00,105.77,2,18.9,2.0,-2.8,0.0,1013.0,110.0,2.6,Entertainment/public assembly,51920,,1,1,30,0.002037172573189522,45.4811
1442,2,2016-08-27 01:00:00,0.0,15,22.2,0.0,18.9,0.0,1020.0,360.0,3.1,Public services,99541,1993.0,8,3,27,0.0,0.0
100,0,2016-10-14 03:00:00,162.722,0,23.9,0.0,19.4,0.0,1019.5,360.0,2.6,Lodging/residential,24456,1968.0,10,4,14,0.00665366372260386,69.97046
1370,0,2016-07-12 17:00:00,10.275,15,30.0,2.0,14.4,0.0,1017.5,170.0,4.1,Education,4773,,7,3,12,0.0021527341294783156,4.4182500000000005
972,0,2016-09-07 20:00:00,247.0,9,34.4,4.0,23.9,0.0,1017.0,180.0,2.1,Education,282152,,9,3,7,0.0008754146701068927,106.21
391,0,2016-07-14 00:00:00,132.8,3,28.9,4.0,24.4,0.0,1015.0,130.0,4.1,Education,87107,,7,3,14,0.0015245617458987224,57.104000000000006
166,0,2016-09-19 09:00:00,370.18,2,26.7,0.0,3.9,0.0,1010.5,130.0,3.1,Lodging/residential,553210,2009.0,9,3,19,0.0006691491477015961,159.1774
1398,0,2016-12-28 21:00:00,12.675,15,-0.6,0.0,-7.2,0.0,1020.5,0.0,0.0,Lodging/residential,20291,1925.0,12,4,28,0.0006246611798334237,5.4502500000000005
706,0,2016-02-28 11:00:00,2.584,5,6.0,0.0,1.0,0.0,1016.5,50.0,7.2,Education,27685,1919.0,2,1,28,9.33357413761965e-05,1.11112
1394,1,2016-06-30 20:00:00,28.0495,15,27.2,2.0,8.9,0.0,1016.0,200.0,4.1,Entertainment/public assembly,16351,2002.0,6,2,30,0.0017154608280839092,12.061285
372,0,2016-01-17 14:00:00,30.83,3,2.8,0.0,-2.8,0.0,1013.0,90.0,3.1,Education,49100,1911.0,1,1,17,0.0006279022403258655,13.2569
1097,0,2016-02-23 18:00:00,264.308,13,3.3,8.0,0.0,0.0,1017.5,190.0,3.6,Office,157545,,2,1,23,0.0016776666984036307,113.65244
367,0,2016-07-07 18:00:00,118.41,3,33.3,6.0,21.1,0.0,1009.5,280.0,3.6,Entertainment/public assembly,20584,,7,3,7,0.0057525262339681305,50.9163
254,3,2016-09-13 20:00:00,0.0,2,35.0,0.0,13.3,0.0,1008.0,190.0,8.2,Entertainment/public assembly,254766,1989.0,9,3,13,0.0,0.0
973,0,2016-09-01 11:00:00,247.0,9,24.4,0.0,22.8,0.0,1013.0,0.0,0.0,Office,193960,,9,3,1,0.0012734584450402144,106.21
1219,0,2016-09-18 00:00:00,54.0,13,20.0,0.0,9.4,0.0,1011.5,290.0,2.1,Office,91316,,9,3,18,0.0005913531035086951,23.22
138,0,2016-11-02 11:00:00,177.0,1,8.5,0.0,2.4,0.0,1026.0,330.0,2.6,Public services,118231,,11,4,2,0.001497069296546591,76.11
1334,0,2016-06-03 21:00:00,71.175,15,27.2,4.0,11.1,0.0,1015.5,290.0,3.6,Office,130794,1933.0,6,2,3,0.0005441763383641451,30.605249999999998
1223,0,2016-01-17 05:00:00,105.668,14,3.3,0.0,-2.2,0.0,1008.5,280.0,2.1,Office,52141,,1,1,17,0.0020265817686657334,45.43724
660,0,2016-04-27 14:00:00,14.713,5,7.0,0.0,4.0,0.0,1016.5,20.0,2.6,Entertainment/public assembly,5447,1976.0,4,2,27,0.0027011198825041306,6.3265899999999995
1321,1,2016-08-09 11:00:00,3294.32,14,18.3,0.0,17.2,0.0,1021.0,0.0,0.0,Entertainment/public assembly,370024,,8,3,9,0.008902990076319374,1416.5576
1018,3,2016-02-29 20:00:00,1890.11,10,10.0,0.0,-1.7,0.0,1020.5,270.0,3.1,Education,186840,,2,1,29,0.01011619567544423,812.7473
347,0,2016-01-29 22:00:00,92.41,3,2.8,0.0,-8.3,0.0,1010.0,310.0,8.8,Education,75900,1974.0,1,1,29,0.0012175230566534914,39.7363
963,0,2016-10-23 06:00:00,21.0,9,15.6,0.0,8.3,0.0,1020.5,0.0,0.0,Lodging/residential,44784,,10,4,23,0.00046891747052518756,9.03
1223,1,2016-01-29 16:00:00,153.811,14,1.7,0.0,-3.9,-1.0,999.0,260.0,2.6,Office,52141,,1,1,29,0.002949905065111908,66.13873
653,0,2016-04-27 12:00:00,1079.1,4,12.8,4.0,8.9,0.0,1016.0,280.0,9.3,Education,420885,1930.0,4,2,27,0.0025638832460173205,464.013
767,0,2016-08-19 17:00:00,194.033,6,30.0,0.0,20.0,0.0,1015.0,210.0,1.5,Office,70042,,8,3,19,0.0027702378572856284,83.43418999999999
380,0,2016-07-09 02:00:00,118.96,3,27.2,0.0,25.0,0.0,1009.0,190.0,3.6,Education,95100,1927.0,7,3,9,0.001250893796004206,51.1528
1185,1,2016-12-15 07:00:00,0.0,13,-20.0,0.0,-24.4,0.0,1030.0,290.0,3.6,Office,129532,,12,4,15,0.0,0.0
856,0,2016-12-08 22:00:00,1.5,8,20.6,0.0,10.6,0.0,1019.5,310.0,3.1,Entertainment/public assembly,2956,,12,4,8,0.0005074424898511502,0.645
544,0,2016-08-04 09:00:00,57.81,3,21.7,0.0,18.3,0.0,1020.0,30.0,3.1,Public services,110800,1972.0,8,3,4,0.0005217509025270758,24.8583
886,0,2016-02-24 02:00:00,0.0,9,9.4,0.0,3.9,-1.0,1014.5,320.0,3.6,Education,69799,,2,1,24,0.0,0.0
91,0,2016-07-14 08:00:00,509.19,0,24.4,4.0,21.1,0.0,1019.0,0.0,0.0,Education,68094,2003.0,7,3,14,0.007477751343730725,218.9517
951,1,2016-08-27 22:00:00,471.117,9,31.1,2.0,21.7,0.0,1012.0,165.0,2.6,Office,103924,,8,3,27,0.004533283938262577,202.58031
699,0,2016-02-16 05:00:00,24.9,5,-2.0,0.0,-4.0,0.0,1016.5,90.0,2.1,Education,93764,1945.0,2,1,16,0.0002655603429887803,10.706999999999999
1137,0,2016-07-04 02:00:00,13.0,13,23.3,0.0,11.7,0.0,1013.0,140.0,3.6,Office,27452,,7,3,4,0.0004735538394288212,5.59
